{"options":{"check_for_updates":true,"user_modified":null,"comment":null,"compatopts_for_requires":true,"compat_wrappedjsobject":false,"compat_metadata":false,"compat_foreach":false,"compat_powerful_this":null,"sandbox":null,"noframes":null,"unwrap":null,"run_at":null,"tab_types":null,"override":{"use_includes":[],"orig_includes":[],"merge_includes":true,"use_matches":[],"orig_matches":["*://blog.csdn.net/*","*://*.blog.csdn.net/*","*://www.jianshu.com/p/*","*://juejin.cn/post/*","*://zhuanlan.zhihu.com/p/*","*://www.cnblogs.com/*/p/*","*://www.cnblogs.com/*/archive/*","*://www.jb51.net/article/*","*://blog.51cto.com/u_*","*://www.pianshen.com/article/*","*://www.360doc.com/content/*","*://baijiahao.baidu.com/s?id=*","*://jingyan.baidu.com/article/*","*://www.52pojie.cn/thread-*","*://cloud.tencent.com/developer/article/*","*://developer.aliyun.com/article/*","*://huaweicloud.csdn.net/*","*://www.bilibili.com/read/*","*://weibo.com/ttarticle/p/show*","*://www.weibo.com/ttarticle/p/show*","*://mp.weixin.qq.com/s*","*://segmentfault.com/*/*","*://www.qinglite.cn/doc/*","*://www.manongjc.com/detail*"],"merge_matches":true,"use_excludes":[],"orig_excludes":[],"merge_excludes":true,"use_connects":[],"orig_connects":[],"merge_connects":true,"use_blockers":[],"orig_run_at":"document-idle","orig_noframes":null}},"settings":{"enabled":true,"position":3},"meta":{"name":"下载CSDN、简书、掘金、博客园、微信公众号、知乎专栏、脚本之家、51CTO、程序员大本营、吾爱破解、B站、思否、轻识、腾讯云、阿里云、华为云等文章保存为Word/Markdown文件","uuid":"1c522c66-efe7-45db-befb-278d810ffd7b","modified":1711465332937,"file_url":"https://update.greasyfork.org/scripts/472996/%E4%B8%8B%E8%BD%BDCSDN%E3%80%81%E7%AE%80%E4%B9%A6%E3%80%81%E6%8E%98%E9%87%91%E3%80%81%E5%8D%9A%E5%AE%A2%E5%9B%AD%E3%80%81%E5%BE%AE%E4%BF%A1%E5%85%AC%E4%BC%97%E5%8F%B7%E3%80%81%E7%9F%A5%E4%B9%8E%E4%B8%93%E6%A0%8F%E3%80%81%E8%84%9A%E6%9C%AC%E4%B9%8B%E5%AE%B6%E3%80%8151CTO%E3%80%81%E7%A8%8B%E5%BA%8F%E5%91%98%E5%A4%A7%E6%9C%AC%E8%90%A5%E3%80%81%E5%90%BE%E7%88%B1%E7%A0%B4%E8%A7%A3%E3%80%81B%E7%AB%99%E3%80%81%E6%80%9D%E5%90%A6%E3%80%81%E8%BD%BB%E8%AF%86%E3%80%81%E8%85%BE%E8%AE%AF%E4%BA%91%E3%80%81%E9%98%BF%E9%87%8C%E4%BA%91%E3%80%81%E5%8D%8E%E4%B8%BA%E4%BA%91%E7%AD%89%E6%96%87%E7%AB%A0%E4%BF%9D%E5%AD%98%E4%B8%BAWordMarkdown%E6%96%87%E4%BB%B6.user.js"}}