{"options":{"check_for_updates":true,"user_modified":null,"comment":null,"compatopts_for_requires":true,"compat_wrappedjsobject":false,"compat_metadata":false,"compat_foreach":false,"compat_powerful_this":null,"sandbox":null,"noframes":null,"unwrap":null,"run_at":null,"tab_types":null,"override":{"use_includes":[],"orig_includes":["*://*.csdn.net/*"],"merge_includes":true,"use_matches":[],"orig_matches":[],"merge_matches":true,"use_excludes":[],"orig_excludes":[],"merge_excludes":true,"use_connects":[],"orig_connects":["www.csdn.net"],"merge_connects":true,"use_blockers":[],"orig_run_at":"document-idle","orig_noframes":null}},"settings":{"enabled":true,"position":1},"meta":{"name":"最强的老牌脚本CSDNGreener：CSDN广告完全过滤、人性化脚本优化","uuid":"c3b6af66-b5b0-4c83-99ac-ad342f4c0bbc","modified":1703249444113,"file_url":"https://openuserjs.org/install/AdlerED/%E6%9C%80%E5%BC%BA%E7%9A%84%E8%80%81%E7%89%8C%E8%84%9A%E6%9C%ACCSDNGreener%EF%BC%9ACSDN%E5%B9%BF%E5%91%8A%E5%AE%8C%E5%85%A8%E8%BF%87%E6%BB%A4%E3%80%81%E4%BA%BA%E6%80%A7%E5%8C%96%E8%84%9A%E6%9C%AC%E4%BC%98%E5%8C%96.user.js"}}