{"options":{"check_for_updates":true,"user_modified":null,"comment":null,"compatopts_for_requires":true,"compat_wrappedjsobject":false,"compat_metadata":false,"compat_foreach":false,"compat_powerful_this":null,"sandbox":null,"noframes":null,"unwrap":null,"run_at":null,"tab_types":null,"override":{"use_includes":[],"orig_includes":[],"merge_includes":true,"use_matches":[],"orig_matches":["*://*.zhihu.com/*"],"merge_matches":true,"use_excludes":[],"orig_excludes":[],"merge_excludes":true,"use_connects":[],"orig_connects":[],"merge_connects":true,"use_blockers":[],"orig_run_at":"document-start","orig_noframes":null}},"settings":{"enabled":true,"position":2},"meta":{"name":"知乎修改器🤜持续更新🤛努力实现功能最全的知乎配置插件","uuid":"46853c99-919a-49af-86c9-3e8d4121c410","modified":1709296128919,"file_url":"https://update.greasyfork.org/scripts/423404/%E7%9F%A5%E4%B9%8E%E4%BF%AE%E6%94%B9%E5%99%A8%F0%9F%A4%9C%E6%8C%81%E7%BB%AD%E6%9B%B4%E6%96%B0%F0%9F%A4%9B%E5%8A%AA%E5%8A%9B%E5%AE%9E%E7%8E%B0%E5%8A%9F%E8%83%BD%E6%9C%80%E5%85%A8%E7%9A%84%E7%9F%A5%E4%B9%8E%E9%85%8D%E7%BD%AE%E6%8F%92%E4%BB%B6.user.js"}}