{"options":{"check_for_updates":true,"user_modified":null,"comment":null,"compatopts_for_requires":true,"compat_wrappedjsobject":false,"compat_metadata":false,"compat_foreach":false,"compat_powerful_this":null,"sandbox":null,"noframes":null,"unwrap":null,"run_at":null,"tab_types":null,"override":{"merge_connects":true,"merge_excludes":true,"merge_includes":true,"merge_matches":true,"orig_connects":["www.csdn.net"],"orig_excludes":[],"orig_includes":["*://*.csdn.net/*"],"orig_matches":[],"orig_noframes":null,"orig_run_at":"document-idle","use_blockers":[],"use_connects":[],"use_excludes":[],"use_includes":[],"use_matches":[]}},"settings":{"enabled":true,"position":4},"meta":{"name":"🔥持续更新🔥 CSDN广告完全过滤、人性化脚本优化：🆕 不用再登录了！让你体验令人惊喜的崭新CSDN。","uuid":"62a6bd07-30ed-4c26-89d9-ede91f25bfd3","modified":1711465603466,"file_url":"https://update.greasyfork.org/scripts/378351/%F0%9F%94%A5%E6%8C%81%E7%BB%AD%E6%9B%B4%E6%96%B0%F0%9F%94%A5%20CSDN%E5%B9%BF%E5%91%8A%E5%AE%8C%E5%85%A8%E8%BF%87%E6%BB%A4%E3%80%81%E4%BA%BA%E6%80%A7%E5%8C%96%E8%84%9A%E6%9C%AC%E4%BC%98%E5%8C%96%EF%BC%9A%F0%9F%86%95%20%E4%B8%8D%E7%94%A8%E5%86%8D%E7%99%BB%E5%BD%95%E4%BA%86%EF%BC%81%E8%AE%A9%E4%BD%A0%E4%BD%93%E9%AA%8C%E4%BB%A4%E4%BA%BA%E6%83%8A%E5%96%9C%E7%9A%84%E5%B4%AD%E6%96%B0CSDN%E3%80%82.user.js"}}